chapter,topic,script,flags,input,notes
biochemistry,topic09,{bp_root}/biochemistry-problems/carbohydrates_classification/classify_Fischer.py,,,
biochemistry,topic09,{bp_root}/biochemistry-problems/carbohydrates_classification/classify_Haworth.py,--furan,,
biochemistry,topic09,{bp_root}/biochemistry-problems/carbohydrates_classification/classify_Haworth.py,--pyran,,
biochemistry,topic09,{bp_root}/biochemistry-problems/carbohydrates_classification/D_to_L_Fischer_configuration.py,,,
biochemistry,topic09,{bp_root}/biochemistry-problems/carbohydrates_classification/D_to_L_Haworth_configuration.py,,,
biochemistry,topic09,{bp_root}/biochemistry-problems/carbohydrates_classification/convert_Haworth_to_Fischer.py,--furan,,
biochemistry,topic09,{bp_root}/biochemistry-problems/carbohydrates_classification/convert_Haworth_to_Fischer.py,--pyran,,
biochemistry,topic09,{bp_root}/biochemistry-problems/carbohydrates_classification/convert_Fischer_to_Haworth.py,--furan,,
biochemistry,topic09,{bp_root}/biochemistry-problems/carbohydrates_classification/convert_Fischer_to_Haworth.py,--pyran,,
